ID,SEQUENCE,BINDING_SITE
6wtr_A,GUUGCCGAAUCCUUUACUUGGUACGGAGGAACCGCUUUUUGGGGUUAAUCUGCAGUGAAGCUGCAGUAGGGAUACCUUCUGUCCCGCACCCGACAGCUAACUCCGGAGGCAAUAAAGGAAGGAG,1001111111000000000000101111100000000000001111100000000000000000000001111100000000011000011000111100000110001110000000000000
6wzs_B,GUUAUAUGACUGACGGAACGUGGAAUUAACCACAUGAAGUAUACGCCGACCGUCUGGGCG,000000100011001100111100010011000000000000000001010001110000
7eaf_A,GGCUUAUCAAGAGAGGGCGAGGGACUGGCCCGACGACCCCCGGCAACCAGAAAUGGUGCCAAUUCCUGCAGCGGAAACGUUGAAAGAUGAGCCG,1001111101100000100000000111000000000000011011100100001011100111001001000100001011001101110000
7eqj_B,GGGUGAUUAGCUCAGCUGGGAGAGCACCUCCCUUACAAGGAGGGGGUCGGCGGUUCGAUCCCGUCAUCACCCACC,110111111111111011111011010011001110111111111110111111011111111001101000000
7kga_A,GGGGGCCAGAUGUCAUGUCUCUCAAGCCUAGGAGACACUAGACACUCUGGACUAUCGGUUAGAGGAAACCCCCCCAAAAAUGUAUAGGC,00001100110110000001000000100000000010100000000000011010001001100000111111000000101010111
7kvu_G,GGAAGAUACAAGGUGAGCCCAAUAAUAUGGUUUGGGUUAGGAUAGGAAGUAGAGCCUUAAACUCUCUAAGCGGUAUCUUCCC,1000000000011100000000000000000000000111101111100000000000000000000110000000000001
7tzr_X,GACUCGGGGUGCCCUUCUGCGUGAAGGCUGAGAAAUACCCGUAUCACCUGAUCUGGAUAAUGCCAGCGUAGGGAAGUU,100000001100000000000000111011111000000000000010110011000000011000111110100001
7uq6_B,CGGAAGUAGUUCAGUGGUAGAACACCGGGUGGAACCCCAGGAAACUGGCCCGGGUCGCGCGGGUUCGAGUCCCGUCUUCCGCUCC,0100000010100001000100000001000000000000000000000000000010000011101000000000000011110
7uz0_A,CGGAAGUAGUUCAGUGGUAGAACACCUACUGGCCCGAAAGGGUGGAACCCCAGUAGGGGGUCGCGGGUUCGAGUCCCGUCUUCCGC,01100001101000010000000000000000000000000010000000000000011000000011111010000000000011
9bun_C,GGACUCGGAAACGUGAAGGAGAGGCGCAAGGUUAACCGCCUCAGUCCA,000001110100001001101011100001110001111101100000
